Cluster,Adjective,Label
Cluster 1,terzo/ADJ,Relational
Cluster 1,ambientale/ADJ,Relational
Cluster 1,produttivo/ADJ,Physical/Health-Related
Cluster 1,industriale/ADJ,Physical/Health-Related
Cluster 1,agricolo/ADJ,Relational
Cluster 1,urbano/ADJ,Relational
Cluster 1,turistico/ADJ,Relational
Cluster 1,alimentare/ADJ,Physical/Health-Related
Cluster 1,quarto/ADJ,Relational
Cluster 1,urbanistico/ADJ,Relational
Cluster 1,stradale/ADJ,Relational
Cluster 1,energetico/ADJ,Relational
Cluster 1,sostenibile/ADJ,Descriptive
Cluster 1,quinto/ADJ,Relational
Cluster 1,forestale/ADJ,Relational
Cluster 1,ferroviario/ADJ,Relational
Cluster 1,sesto/ADJ,Relational
Cluster 1,architettonico/ADJ,Relational
Cluster 1,archeologico/ADJ,Relational
Cluster 1,idrico/ADJ,Relational
Cluster 1,montano/ADJ,Relational
Cluster 1,rurale/ADJ,Relational
Cluster 1,meridionale/ADJ,Relational
Cluster 1,animale/ADJ,Physical/Health-Related
Cluster 1,residenziale/ADJ,Relational
Cluster 1,metropolitano/ADJ,Relational
Cluster 1,cittadino/ADJ,Membership
Cluster 1,ecologico/ADJ,Physical/Health-Related
Cluster 1,marittimo/ADJ,Relational
Cluster 1,agrario/ADJ,Physical/Health-Related
Cluster 1,settimo/ADJ,Relational
Cluster 1,marino/ADJ,Relational
Cluster 1,artigiano/ADJ,Membership
Cluster 1,abitativo/ADJ,Relational
Cluster 1,rinnovabile/ADJ,Relational
Cluster 1,nono/ADJ,Relational
Cluster 1,parco/ADJ,Relational
Cluster 1,selvatico/ADJ,Relational
Cluster 1,climatico/ADJ,Relational
Cluster 1,atmosferico/ADJ,Relational
Cluster 1,alpino/ADJ,Relational
Cluster 1,venatorio/ADJ,Relational
Cluster 1,costiero/ADJ,Relational
Cluster 1,attrezzato/ADJ,Relational
Cluster 1,artigianale/ADJ,Relational
Cluster 1,circostante/ADJ,Relational
Cluster 1,edile/ADJ,Relational
Cluster 1,settentrionale/ADJ,Relational
Cluster 1,naturalistico/ADJ,Relational
Cluster 1,sotterraneo/ADJ,Relational
Cluster 1,ottavo/ADJ,Relational
Cluster 1,petrolifero/ADJ,Relational
Cluster 1,paesaggistico/ADJ,Relational
Cluster 1,tessile/ADJ,Physical/Health-Related
Cluster 1,agroalimentare/ADJ,Physical/Health-Related
Cluster 1,idraulico/ADJ,Relational
Cluster 1,abitato/ADJ,Relational
Cluster 1,alberghiero/ADJ,Relational
Cluster 1,sismico/ADJ,Relational
Cluster 1,portuale/ADJ,Relational
Cluster 1,infrastrutturale/ADJ,Relational
Cluster 1,autostradale/ADJ,Relational
Cluster 1,geologico/ADJ,Relational
Cluster 1,idrogeologico/ADJ,Relational
Cluster 1,ricettivo/ADJ,Relational
Cluster 1,limitrofo/ADJ,Relational
Cluster 1,pedonale/ADJ,Relational
Cluster 1,adiacente/ADJ,Relational
Cluster 1,gastronomico/ADJ,Relational
Cluster 1,termale/ADJ,Relational
Cluster 1,bovino/ADJ,Physical/Health-Related
Cluster 1,distributivo/ADJ,Relational
Cluster 1,fertile/ADJ,Physical/Health-Related
Cluster 1,potabile/ADJ,Relational
Cluster 1,nautico/ADJ,Relational
Cluster 1,ittico/ADJ,Relational
Cluster 1,decimo/ADJ,Relational
Cluster 1,esotico/ADJ,Membership
Cluster 1,meteorologico/ADJ,Relational
Cluster 1,fluviale/ADJ,Relational
Cluster 1,tropicale/ADJ,Physical/Health-Related
Cluster 1,adriatico/ADJ,Relational
Cluster 1,demaniale/ADJ,Relational
Cluster 1,sottostante/ADJ,Relational
Cluster 1,roccioso/ADJ,Relational
Cluster 1,ciclabile/ADJ,Relational
Cluster 1,zootecnico/ADJ,Physical/Health-Related
Cluster 1,antincendio/ADJ,Relational
Cluster 1,faunistico/ADJ,Relational
Cluster 1,aeroportuale/ADJ,Relational
Cluster 1,minerario/ADJ,Relational
Cluster 1,boschivo/ADJ,Relational
Cluster 1,acquatico/ADJ,Relational
Cluster 1,autoctono/ADJ,Membership
Cluster 1,viario/ADJ,Relational
Cluster 1,refluo/ADJ,Relational
Cluster 1,balneare/ADJ,Relational
Cluster 1,fondiario/ADJ,Relational
Cluster 1,ventesimo/ADJ,Relational
Cluster 1,merceologico/ADJ,Physical/Health-Related
Cluster 1,paesistico/ADJ,Relational
Cluster 1,subacqueo/ADJ,Relational
Cluster 1,botanico/ADJ,Physical/Health-Related
Cluster 1,manifatturiero/ADJ,Relational
Cluster 1,tredicesimo/ADJ,Relational
Cluster 1,ceramico/ADJ,Relational
Cluster 1,polare/ADJ,Relational
Cluster 1,contiguo/ADJ,Descriptive
Cluster 1,arido/ADJ,Evaluative
Cluster 1,eolico/ADJ,Relational
Cluster 1,vulcanico/ADJ,Relational
Cluster 1,collinare/ADJ,Relational
Cluster 1,mercantile/ADJ,Membership
Cluster 1,penultimo/ADJ,Relational
Cluster 1,metalmeccanico/ADJ,Membership
Cluster 1,levante/ADJ,Descriptive
Cluster 1,morfologico/ADJ,Physical/Health-Related
Cluster 1,terziario/ADJ,Physical/Health-Related
Cluster 1,veicolare/ADJ,Relational
Cluster 1,ripido/ADJ,Relational
Cluster 1,dodicesimo/ADJ,Relational
Cluster 1,nuvoloso/ADJ,Relational
Cluster 1,antistante/ADJ,Relational
Cluster 1,idroelettrico/ADJ,Relational
Cluster 1,ortofrutticolo/ADJ,Relational
Cluster 1,agrituristico/ADJ,Relational
Cluster 1,enogastronomico/ADJ,Relational
Cluster 1,estrattivo/ADJ,Relational
Cluster 1,murario/ADJ,Relational
Cluster 1,confinante/ADJ,Membership
Cluster 1,meteo/ADJ,Evaluative
Cluster 1,fognario/ADJ,Relational
Cluster 1,lagunare/ADJ,Relational
Cluster 1,fotovoltaico/ADJ,Relational
Cluster 1,vitivinicolo/ADJ,Relational
Cluster 1,arboreo/ADJ,Physical/Health-Related
Cluster 1,montuoso/ADJ,Relational
Cluster 1,rotatorio/ADJ,Descriptive
Cluster 1,intercomunale/ADJ,Relational
Cluster 1,geofisico/ADJ,Relational
Cluster 1,antropico/ADJ,Relational
Cluster 1,ionico/ADJ,Relational
Cluster 1,trentesimo/ADJ,Descriptive
Cluster 1,endemico/ADJ,Physical/Health-Related
Cluster 1,calamitoso/ADJ,Relational
Cluster 1,ovino/ADJ,Physical/Health-Related
Cluster 1,idrografico/ADJ,Relational
Cluster 1,quindicesimo/ADJ,Relational
Cluster 1,topografico/ADJ,Relational
Cluster 1,sabbioso/ADJ,Relational
Cluster 1,irriguo/ADJ,Relational
Cluster 1,alluvionale/ADJ,Relational
Cluster 1,corallino/ADJ,Relational
Cluster 1,vinicolo/ADJ,Physical/Health-Related
Cluster 1,undicesimo/ADJ,Relational
Cluster 1,oceanico/ADJ,Relational
Cluster 1,rigoglioso/ADJ,Evaluative
Cluster 1,tipologico/ADJ,Relational
Cluster 1,termoelettrico/ADJ,Relational
Cluster 1,background-color/ADJ,Evaluative
Cluster 1,diciottesimo/ADJ,Relational
Cluster 1,artico/ADJ,Relational
Cluster 1,tirrenico/ADJ,Relational
Cluster 1,sciistico/ADJ,Relational
Cluster 1,suino/ADJ,Physical/Health-Related
Cluster 1,appenninico/ADJ,Relational
Cluster 1,agro-alimentare/ADJ,Physical/Health-Related
Cluster 1,edificabile/ADJ,Relational
Cluster 1,acquifero/ADJ,Relational
Cluster 1,caprino/ADJ,Physical/Health-Related
Cluster 1,acqueo/ADJ,Relational
Cluster 1,enologico/ADJ,Physical/Health-Related
Cluster 1,calcareo/ADJ,Relational
Cluster 1,impervio/ADJ,Evaluative
Cluster 1,comprensoriale/ADJ,Relational
Cluster 1,attiguo/ADJ,Relational
Cluster 1,segnaletico/ADJ,Relational
Cluster 1,sottomarino/ADJ,Relational
Cluster 1,soleggiato/ADJ,Relational
Cluster 1,sedicesimo/ADJ,Relational
Cluster 1,pianeggiante/ADJ,Relational
Cluster 1,pedemontano/ADJ,Relational
Cluster 1,erboso/ADJ,Relational
Cluster 1,sovracomunale/ADJ,Relational
Cluster 1,temperato/ADJ,Evaluative
Cluster 1,agronomico/ADJ,Physical/Health-Related
Cluster 1,siderurgico/ADJ,Physical/Health-Related
Cluster 1,speleologico/ADJ,Relational
Cluster 1,carsico/ADJ,Relational
Cluster 1,tangenziale/ADJ,Relational
Cluster 1,perimetrale/ADJ,Relational
Cluster 1,quattordicesimo/ADJ,Relational
Cluster 1,sessantesimo/ADJ,Relational
Cluster 1,equatoriale/ADJ,Relational
Cluster 1,stanziale/ADJ,Relational
Cluster 1,prospiciente/ADJ,Relational
Cluster 1,ventunesimo/ADJ,Descriptive
Cluster 1,rotabile/ADJ,Relational
Cluster 1,insulare/ADJ,Relational
Cluster 1,equino/ADJ,Physical/Health-Related
Cluster 1,diciannovesimo/ADJ,Relational
Cluster 1,geotermico/ADJ,Relational
Cluster 1,meteorico/ADJ,Relational
Cluster 1,zoologico/ADJ,Physical/Health-Related
Cluster 1,desertico/ADJ,Relational
Cluster 1,edificatorio/ADJ,Relational
Cluster 1,popoloso/ADJ,Membership
Cluster 1,filato/ADJ,Relational
Cluster 1,geomorfologico/ADJ,Relational
Cluster 1,alberato/ADJ,Relational
Cluster 1,suburbano/ADJ,Relational
Cluster 1,cacciabile/ADJ,Relational
Cluster 1,caseario/ADJ,Physical/Health-Related
Cluster 1,carnivoro/ADJ,Physical/Health-Related
Cluster 1,line-height/ADJ,Evaluative
Cluster 1,cinquantesimo/ADJ,Descriptive
Cluster 1,ecocompatibile/ADJ,Physical/Health-Related
Cluster 1,anfibio/ADJ,Physical/Health-Related
Cluster 1,carrabile/ADJ,Relational
Cluster 1,litoraneo/ADJ,Relational
Cluster 1,australe/ADJ,Relational
Cluster 1,metallurgico/ADJ,Physical/Health-Related
Cluster 1,lacustre/ADJ,Relational
Cluster 1,centro-orientale/ADJ,Membership
Cluster 1,intermodale/ADJ,Relational
Cluster 1,pluviale/ADJ,Relational
Cluster 1,lattiero-caseario/ADJ,Physical/Health-Related
Cluster 1,lussureggiante/ADJ,Relational
Cluster 1,temporalesco/ADJ,Relational
Cluster 1,lavico/ADJ,Relational
Cluster 1,franoso/ADJ,Relational
Cluster 1,prealpino/ADJ,Relational
Cluster 1,sud-orientale/ADJ,Relational
Cluster 1,insediativo/ADJ,Relational
Cluster 1,sovrastante/ADJ,Relational
Cluster 1,nord-occidentale/ADJ,Relational
Cluster 1,boreale/ADJ,Relational
Cluster 1,nord-orientale/ADJ,Relational
Cluster 1,salmastro/ADJ,Relational
Cluster 1,officinale/ADJ,Physical/Health-Related
Cluster 1,velico/ADJ,Relational
Cluster 1,rovescio/ADJ,Descriptive
Cluster 1,antisismico/ADJ,Relational
Cluster 1,scosceso/ADJ,Relational
Cluster 1,apistico/ADJ,Physical/Health-Related
Cluster 1,spongiforme/ADJ,Physical/Health-Related
Cluster 1,fabbricabile/ADJ,Relational
Cluster 1,faunistico-venatorio/ADJ,Relational
Cluster 1,diciassettesimo/ADJ,Relational
Cluster 1,paludoso/ADJ,Relational
Cluster 2,primo/ADJ,Relational
Cluster 2,nuovo/ADJ,Descriptive
Cluster 2,grande/ADJ,Descriptive
Cluster 2,pubblico/ADJ,Membership
Cluster 2,presente/ADJ,Descriptive
Cluster 2,diverso/ADJ,Descriptive
Cluster 2,ultimo/ADJ,Relational
Cluster 2,nazionale/ADJ,Membership
Cluster 2,relativo/ADJ,Relational
Cluster 2,sociale/ADJ,Membership
Cluster 2,regionale/ADJ,Relational
Cluster 2,possibile/ADJ,Descriptive
Cluster 2,generale/ADJ,Descriptive
Cluster 2,vero/ADJ,Evaluative
Cluster 2,previsto/ADJ,Relational
Cluster 2,necessario/ADJ,Descriptive
Cluster 2,economico/ADJ,Membership
Cluster 2,locale/ADJ,Membership
Cluster 2,unico/ADJ,Descriptive
Cluster 2,piccolo/ADJ,Descriptive
Cluster 2,secondo/ADJ,Relational
Cluster 2,importante/ADJ,Evaluative
Cluster 2,seguente/ADJ,Relational
Cluster 2,comune/ADJ,Descriptive
Cluster 2,alto/ADJ,Descriptive
Cluster 2,umano/ADJ,Descriptive
Cluster 2,certo/ADJ,Evaluative
Cluster 2,successivo/ADJ,Relational
Cluster 2,tecnico/ADJ,Physical/Health-Related
Cluster 2,lungo/ADJ,Evaluative
Cluster 2,civile/ADJ,Membership
Cluster 2,superiore/ADJ,Relational
Cluster 2,finanziario/ADJ,Relational
Cluster 2,forte/ADJ,Evaluative
Cluster 2,legislativo/ADJ,Relational
Cluster 2,particolare/ADJ,Descriptive
Cluster 2,specifico/ADJ,Physical/Health-Related
Cluster 2,precedente/ADJ,Relational
Cluster 2,professionale/ADJ,Membership
Cluster 2,solo/ADJ,Evaluative
Cluster 2,prossimo/ADJ,Relational
Cluster 2,amministrativo/ADJ,Membership
Cluster 2,scolastico/ADJ,Membership
Cluster 2,libero/ADJ,Evaluative
Cluster 2,principale/ADJ,Descriptive
Cluster 2,privato/ADJ,Membership
Cluster 2,personale/ADJ,Membership
Cluster 2,scientifico/ADJ,Physical/Health-Related
Cluster 2,eventuale/ADJ,Physical/Health-Related
Cluster 2,pieno/ADJ,Descriptive
Cluster 2,intero/ADJ,Relational
Cluster 2,medio/ADJ,Descriptive
Cluster 2,scorso/ADJ,Relational
Cluster 2,semplice/ADJ,Evaluative
Cluster 2,comunale/ADJ,Relational
Cluster 2,speciale/ADJ,Descriptive
Cluster 2,ufficiale/ADJ,Membership
Cluster 2,noto/ADJ,Descriptive
Cluster 2,massimo/ADJ,Descriptive
Cluster 2,attuale/ADJ,Descriptive
Cluster 2,ulteriore/ADJ,Relational
Cluster 2,interno/ADJ,Descriptive
Cluster 2,singolo/ADJ,Relational
Cluster 2,utile/ADJ,Evaluative
Cluster 2,fondamentale/ADJ,Membership
Cluster 2,diretto/ADJ,Descriptive
Cluster 2,disponibile/ADJ,Descriptive
Cluster 2,vario/ADJ,Descriptive
Cluster 2,giusto/ADJ,Evaluative
Cluster 2,provinciale/ADJ,Relational
Cluster 2,gran/ADJ,Descriptive
Cluster 2,chiaro/ADJ,Evaluative
Cluster 2,basso/ADJ,Descriptive
Cluster 2,naturale/ADJ,Physical/Health-Related
Cluster 2,breve/ADJ,Relational
Cluster 2,minore/ADJ,Descriptive
Cluster 2,centrale/ADJ,Descriptive
Cluster 2,numeroso/ADJ,Descriptive
Cluster 2,competente/ADJ,Membership
Cluster 2,costituzionale/ADJ,Membership
Cluster 2,reale/ADJ,Descriptive
Cluster 2,positivo/ADJ,Evaluative
Cluster 2,sito/ADJ,Descriptive
Cluster 2,territoriale/ADJ,Relational
Cluster 2,operativo/ADJ,Physical/Health-Related
Cluster 2,finale/ADJ,Relational
Cluster 2,ampio/ADJ,Descriptive
Cluster 2,inferiore/ADJ,Relational
Cluster 2,recente/ADJ,Descriptive
Cluster 2,didattico/ADJ,Physical/Health-Related
Cluster 2,commerciale/ADJ,Membership
Cluster 2,complessivo/ADJ,Relational
Cluster 2,formativo/ADJ,Physical/Health-Related
Cluster 2,comunitario/ADJ,Membership
Cluster 2,attivo/ADJ,Descriptive
Cluster 2,simile/ADJ,Evaluative
Cluster 2,apposito/ADJ,Descriptive
Cluster 2,giuridico/ADJ,Membership
Cluster 2,elettronico/ADJ,Physical/Health-Related
Cluster 2,facile/ADJ,Evaluative
Cluster 2,pronto/ADJ,Evaluative
Cluster 2,continuo/ADJ,Relational
Cluster 2,autonomo/ADJ,Membership
Cluster 2,esterno/ADJ,Descriptive
Cluster 2,interessato/ADJ,Relational
Cluster 2,minimo/ADJ,Relational
Cluster 2,ordinario/ADJ,Relational
Cluster 2,adeguato/ADJ,Descriptive
Cluster 2,penale/ADJ,Membership
Cluster 2,proprio/ADJ,Descriptive
Cluster 2,sportivo/ADJ,Descriptive
Cluster 2,significativo/ADJ,Descriptive
Cluster 2,completo/ADJ,Evaluative
Cluster 2,universitario/ADJ,Membership
Cluster 2,opportuno/ADJ,Descriptive
Cluster 2,concreto/ADJ,Membership
Cluster 2,normale/ADJ,Evaluative
Cluster 2,assoluto/ADJ,Evaluative
Cluster 2,profondo/ADJ,Evaluative
Cluster 2,istituzionale/ADJ,Membership
Cluster 2,favorevole/ADJ,Evaluative
Cluster 2,capace/ADJ,Evaluative
Cluster 2,determinato/ADJ,Relational
Cluster 2,evidente/ADJ,Evaluative
Cluster 2,permanente/ADJ,Descriptive
Cluster 2,sindacale/ADJ,Membership
Cluster 2,legale/ADJ,Membership
Cluster 2,collettivo/ADJ,Membership
Cluster 2,complesso/ADJ,Physical/Health-Related
Cluster 2,tradizionale/ADJ,Descriptive
Cluster 2,totale/ADJ,Descriptive
Cluster 2,vigente/ADJ,Relational
Cluster 2,informatico/ADJ,Physical/Health-Related
Cluster 2,definitivo/ADJ,Descriptive
Cluster 2,fiscale/ADJ,Membership
Cluster 2,individuale/ADJ,Physical/Health-Related
Cluster 2,preciso/ADJ,Evaluative
Cluster 2,elettrico/ADJ,Relational
Cluster 2,organizzativo/ADJ,Physical/Health-Related
Cluster 2,statale/ADJ,Membership
Cluster 2,normativo/ADJ,Relational
Cluster 2,popolare/ADJ,Membership
Cluster 2,tecnologico/ADJ,Physical/Health-Related
Cluster 2,famoso/ADJ,Evaluative
Cluster 2,grosso/ADJ,Evaluative
Cluster 2,giudiziario/ADJ,Membership
Cluster 2,efficace/ADJ,Evaluative
Cluster 2,essenziale/ADJ,Membership
Cluster 2,informativo/ADJ,Physical/Health-Related
Cluster 2,negativo/ADJ,Evaluative
Cluster 2,effettivo/ADJ,Descriptive
Cluster 2,elevato/ADJ,Descriptive
Cluster 2,originale/ADJ,Evaluative
Cluster 2,sufficiente/ADJ,Evaluative
Cluster 2,mezzo/ADJ,Evaluative
Cluster 2,annuale/ADJ,Relational
Cluster 2,classico/ADJ,Evaluative
Cluster 2,valido/ADJ,Evaluative
Cluster 2,compreso/ADJ,Relational
Cluster 2,contrario/ADJ,Evaluative
Cluster 2,aziendale/ADJ,Physical/Health-Related
Cluster 2,immediato/ADJ,Descriptive
Cluster 2,estremo/ADJ,Descriptive
Cluster 2,tipico/ADJ,Descriptive
Cluster 2,legato/ADJ,Descriptive
Cluster 2,parlamentare/ADJ,Membership
Cluster 2,cosiddetto/ADJ,Descriptive
Cluster 2,citato/ADJ,Relational
Cluster 2,lavorativo/ADJ,Physical/Health-Related
Cluster 2,onorevole/ADJ,Membership
Cluster 2,notevole/ADJ,Descriptive
Cluster 2,mancato/ADJ,Relational
Cluster 2,sicuro/ADJ,Evaluative
Cluster 2,obbligatorio/ADJ,Descriptive
Cluster 2,futuro/ADJ,Descriptive
Cluster 2,rilevante/ADJ,Evaluative
Cluster 2,integrato/ADJ,Relational
Cluster 2,serio/ADJ,Evaluative
Cluster 2,idoneo/ADJ,Physical/Health-Related
Cluster 2,femminile/ADJ,Membership
Cluster 2,quotidiano/ADJ,Membership
Cluster 2,educativo/ADJ,Membership
Cluster 2,problematico/ADJ,Descriptive
Cluster 2,gratuito/ADJ,Descriptive
Cluster 2,responsabile/ADJ,Evaluative
Cluster 2,conseguente/ADJ,Relational
Cluster 2,critico/ADJ,Evaluative
Cluster 2,predetto/ADJ,Relational
Cluster 2,suddetto/ADJ,Relational
Cluster 2,funzionale/ADJ,Physical/Health-Related
Cluster 2,elementare/ADJ,Evaluative
Cluster 2,globale/ADJ,Physical/Health-Related
Cluster 2,televisivo/ADJ,Membership
Cluster 2,indispensabile/ADJ,Descriptive
Cluster 2,doppio/ADJ,Evaluative
Cluster 2,costante/ADJ,Relational
Cluster 2,connesso/ADJ,Descriptive
Cluster 2,differente/ADJ,Descriptive
Cluster 2,previo/ADJ,Physical/Health-Related
Cluster 2,digitale/ADJ,Descriptive
Cluster 2,leggero/ADJ,Evaluative
Cluster 2,online/ADJ,Membership
Cluster 2,fermo/ADJ,Evaluative
Cluster 2,strategico/ADJ,Relational
Cluster 2,analogo/ADJ,Relational
Cluster 2,vasto/ADJ,Descriptive
Cluster 2,iniziale/ADJ,Relational
Cluster 2,puro/ADJ,Evaluative
Cluster 2,disciplinare/ADJ,Membership
Cluster 2,pratico/ADJ,Evaluative
Cluster 2,rispettivo/ADJ,Membership
Cluster 2,uguale/ADJ,Evaluative
Cluster 2,parziale/ADJ,Relational
Cluster 2,primario/ADJ,Physical/Health-Related
Cluster 2,contrattuale/ADJ,Relational
Cluster 2,secondario/ADJ,Relational
Cluster 2,fisso/ADJ,Relational
Cluster 2,stretto/ADJ,Descriptive
Cluster 2,rapido/ADJ,Descriptive
Cluster 2,qual/ADJ,Evaluative
Cluster 2,corrispondente/ADJ,Relational
Cluster 2,preventivo/ADJ,Physical/Health-Related
Cluster 2,ministeriale/ADJ,Relational
Cluster 2,alternativo/ADJ,Membership
Cluster 2,temporaneo/ADJ,Relational
Cluster 2,innovativo/ADJ,Descriptive
Cluster 2,mobile/ADJ,Relational
Cluster 2,aggiuntivo/ADJ,Relational
Cluster 2,veloce/ADJ,Evaluative
Cluster 2,scarso/ADJ,Evaluative
Cluster 2,intenso/ADJ,Evaluative
Cluster 2,largo/ADJ,Descriptive
Cluster 2,specializzato/ADJ,Physical/Health-Related
Cluster 2,strutturale/ADJ,Physical/Health-Related
Cluster 2,urgente/ADJ,Descriptive
Cluster 2,unitario/ADJ,Membership
Cluster 2,direttivo/ADJ,Membership
Cluster 2,dipendente/ADJ,Physical/Health-Related
Cluster 2,indipendente/ADJ,Membership
Cluster 2,esistente/ADJ,Descriptive
Cluster 2,esclusivo/ADJ,Membership
Cluster 2,soggetto/ADJ,Physical/Health-Related
Cluster 2,edilizio/ADJ,Relational
Cluster 2,potente/ADJ,Evaluative
Cluster 2,allegato/ADJ,Relational
Cluster 2,formale/ADJ,Membership
Cluster 2,indicato/ADJ,Relational
Cluster 2,organico/ADJ,Physical/Health-Related
Cluster 2,telefonico/ADJ,Descriptive
Cluster 2,netto/ADJ,Evaluative
Cluster 3,bello/ADJ,Evaluative
Cluster 3,buono/ADJ,Evaluative
Cluster 3,migliore/ADJ,Evaluative
Cluster 3,vecchio/ADJ,Descriptive
Cluster 3,difficile/ADJ,Evaluative
Cluster 3,grave/ADJ,Evaluative
Cluster 3,vicino/ADJ,Descriptive
Cluster 3,giovane/ADJ,Membership
Cluster 3,buon/ADJ,Evaluative
Cluster 3,caro/ADJ,Evaluative
Cluster 3,lontano/ADJ,Evaluative
Cluster 3,aperto/ADJ,Descriptive
Cluster 3,interessante/ADJ,Evaluative
Cluster 3,ricco/ADJ,Evaluative
Cluster 3,duro/ADJ,Evaluative
Cluster 3,vivo/ADJ,Evaluative
Cluster 3,povero/ADJ,Evaluative
Cluster 3,cattivo/ADJ,Evaluative
Cluster 3,strano/ADJ,Evaluative
Cluster 3,inutile/ADJ,Evaluative
Cluster 3,enorme/ADJ,Descriptive
Cluster 3,bravo/ADJ,Evaluative
Cluster 3,impossibile/ADJ,Evaluative
Cluster 3,perfetto/ADJ,Evaluative
Cluster 3,felice/ADJ,Evaluative
Cluster 3,caldo/ADJ,Evaluative
Cluster 3,chiuso/ADJ,Descriptive
Cluster 3,freddo/ADJ,Evaluative
Cluster 3,dolce/ADJ,Evaluative
Cluster 3,attento/ADJ,Evaluative
Cluster 3,pesante/ADJ,Evaluative
Cluster 3,debole/ADJ,Evaluative
Cluster 3,prezioso/ADJ,Evaluative
Cluster 3,segreto/ADJ,Membership
Cluster 3,falso/ADJ,Evaluative
Cluster 3,miglior/ADJ,Evaluative
Cluster 3,fresco/ADJ,Evaluative
Cluster 3,brutto/ADJ,Evaluative
Cluster 3,tranquillo/ADJ,Evaluative
Cluster 3,delicato/ADJ,Evaluative
Cluster 3,splendido/ADJ,Evaluative
Cluster 3,consapevole/ADJ,Membership
Cluster 3,amico/ADJ,Evaluative
Cluster 3,violento/ADJ,Evaluative
Cluster 3,eccezionale/ADJ,Evaluative
Cluster 3,ottimo/ADJ,Evaluative
Cluster 3,drammatico/ADJ,Evaluative
Cluster 3,eccessivo/ADJ,Evaluative
Cluster 3,sano/ADJ,Evaluative
Cluster 3,solito/ADJ,Evaluative
Cluster 3,infinito/ADJ,Evaluative
Cluster 3,incredibile/ADJ,Evaluative
Cluster 3,terribile/ADJ,Evaluative
Cluster 3,divertente/ADJ,Evaluative
Cluster 3,triste/ADJ,Evaluative
Cluster 3,intelligente/ADJ,Evaluative
Cluster 3,improvviso/ADJ,Evaluative
Cluster 3,magico/ADJ,Evaluative
Cluster 3,sottile/ADJ,Evaluative
Cluster 3,fantastico/ADJ,Evaluative
Cluster 3,stanco/ADJ,Evaluative
Cluster 3,ennesimo/ADJ,Evaluative
Cluster 3,fedele/ADJ,Evaluative
Cluster 3,criminale/ADJ,Evaluative
Cluster 3,sereno/ADJ,Evaluative
Cluster 3,immenso/ADJ,Descriptive
Cluster 3,assurdo/ADJ,Evaluative
Cluster 3,simpatico/ADJ,Evaluative
Cluster 3,piacevole/ADJ,Evaluative
Cluster 3,contento/ADJ,Evaluative
Cluster 3,tragico/ADJ,Evaluative
Cluster 3,oscuro/ADJ,Evaluative
Cluster 3,eterno/ADJ,Evaluative
Cluster 3,inevitabile/ADJ,Evaluative
Cluster 3,secco/ADJ,Evaluative
Cluster 3,meraviglioso/ADJ,Evaluative
Cluster 3,misterioso/ADJ,Evaluative
Cluster 3,degno/ADJ,Evaluative
Cluster 3,gentile/ADJ,Evaluative
Cluster 3,anonimo/ADJ,Evaluative
Cluster 3,razionale/ADJ,Evaluative
Cluster 3,pulito/ADJ,Evaluative
Cluster 3,perduto/ADJ,Evaluative
Cluster 3,illegale/ADJ,Evaluative
Cluster 3,live/ADJ,Evaluative
Cluster 3,insufficiente/ADJ,Evaluative
Cluster 3,elegante/ADJ,Evaluative
Cluster 3,affascinante/ADJ,Evaluative
Cluster 3,illecito/ADJ,Evaluative
Cluster 3,nascosto/ADJ,Evaluative
Cluster 3,pazzo/ADJ,Evaluative
Cluster 3,maturo/ADJ,Evaluative
Cluster 3,assente/ADJ,Relational
Cluster 3,vuoto/ADJ,Evaluative
Cluster 3,mitico/ADJ,Evaluative
Cluster 3,acceso/ADJ,Descriptive
Cluster 3,nudo/ADJ,Evaluative
Cluster 3,eccellente/ADJ,Evaluative
Cluster 3,perso/ADJ,Evaluative
Cluster 3,dubbio/ADJ,Evaluative
Cluster 3,sincero/ADJ,Evaluative
Cluster 3,costoso/ADJ,Evaluative
Cluster 3,convinto/ADJ,Evaluative
Cluster 3,sbagliato/ADJ,Evaluative
Cluster 3,contraddittorio/ADJ,Membership
Cluster 3,suggestivo/ADJ,Relational
Cluster 3,singolare/ADJ,Evaluative
Cluster 3,curioso/ADJ,Evaluative
Cluster 3,clandestino/ADJ,Membership
Cluster 3,disperato/ADJ,Evaluative
Cluster 3,mortale/ADJ,Evaluative
Cluster 3,colpevole/ADJ,Evaluative
Cluster 3,precario/ADJ,Evaluative
Cluster 3,incerto/ADJ,Evaluative
Cluster 3,spettacolare/ADJ,Evaluative
Cluster 3,invisibile/ADJ,Evaluative
Cluster 3,soddisfatto/ADJ,Evaluative
Cluster 3,incapace/ADJ,Evaluative
Cluster 3,burocratico/ADJ,Membership
Cluster 3,dannoso/ADJ,Evaluative
Cluster 3,doloroso/ADJ,Evaluative
Cluster 3,equilibrato/ADJ,Evaluative
Cluster 3,superficiale/ADJ,Evaluative
Cluster 3,stupendo/ADJ,Evaluative
Cluster 3,appassionato/ADJ,Evaluative
Cluster 3,illegittimo/ADJ,Evaluative
Cluster 3,impegnativo/ADJ,Evaluative
Cluster 3,coraggioso/ADJ,Evaluative
Cluster 3,onesto/ADJ,Evaluative
Cluster 3,intimo/ADJ,Evaluative
Cluster 3,confuso/ADJ,Evaluative
Cluster 3,preoccupante/ADJ,Evaluative
Cluster 3,sconosciuto/ADJ,Evaluative
Cluster 3,lieto/ADJ,Evaluative
Cluster 3,carino/ADJ,Evaluative
Cluster 3,morbido/ADJ,Evaluative
Cluster 3,generoso/ADJ,Evaluative
Cluster 3,sporco/ADJ,Evaluative
Cluster 3,selvaggio/ADJ,Evaluative
Cluster 3,ridicolo/ADJ,Evaluative
Cluster 3,amaro/ADJ,Evaluative
Cluster 3,peggio/ADJ,Evaluative
Cluster 3,silenzioso/ADJ,Evaluative
Cluster 3,vivace/ADJ,Evaluative
Cluster 3,abbondante/ADJ,Evaluative
Cluster 3,inquietante/ADJ,Evaluative
Cluster 3,allegro/ADJ,Evaluative
Cluster 3,fitto/ADJ,Descriptive
Cluster 3,raffinato/ADJ,Evaluative
Cluster 3,inaccettabile/ADJ,Evaluative
Cluster 3,aggressivo/ADJ,Evaluative
Cluster 3,mafioso/ADJ,Membership
Cluster 3,indifferente/ADJ,Evaluative
Cluster 3,fortunato/ADJ,Evaluative
Cluster 3,realistico/ADJ,Evaluative
Cluster 3,ingiusto/ADJ,Evaluative
Cluster 3,brillante/ADJ,Evaluative
Cluster 3,abbandonato/ADJ,Descriptive
Cluster 3,stupido/ADJ,Evaluative
Cluster 3,morto/ADJ,Evaluative
Cluster 3,finto/ADJ,Evaluative
Cluster 3,inadeguato/ADJ,Evaluative
Cluster 3,fragile/ADJ,Evaluative
Cluster 3,magnifico/ADJ,Evaluative
Cluster 3,folle/ADJ,Evaluative
Cluster 3,pessimo/ADJ,Evaluative
Cluster 3,aspro/ADJ,Evaluative
Cluster 3,abile/ADJ,Evaluative
Cluster 3,casuale/ADJ,Evaluative
Cluster 3,imponente/ADJ,Descriptive
Cluster 3,abusivo/ADJ,Relational
Cluster 3,buio/ADJ,Evaluative
Cluster 3,clamoroso/ADJ,Evaluative
Cluster 3,errato/ADJ,Evaluative
Cluster 3,denso/ADJ,Descriptive
Cluster 3,vano/ADJ,Evaluative
Cluster 3,distante/ADJ,Evaluative
Cluster 3,viola/ADJ,Evaluative
Cluster 3,soddisfacente/ADJ,Evaluative
Cluster 3,gigantesco/ADJ,Descriptive
Cluster 3,orgoglioso/ADJ,Evaluative
Cluster 3,cordiale/ADJ,Evaluative
Cluster 3,complicato/ADJ,Evaluative
Cluster 3,improbabile/ADJ,Evaluative
Cluster 3,feroce/ADJ,Evaluative
Cluster 3,crudo/ADJ,Evaluative
Cluster 3,lucido/ADJ,Evaluative
Cluster 3,solitario/ADJ,Evaluative
Cluster 3,ironico/ADJ,Evaluative
Cluster 3,infondato/ADJ,Evaluative
Cluster 3,umido/ADJ,Relational
Cluster 3,crudele/ADJ,Evaluative
Cluster 3,benvenuto/ADJ,Descriptive
Cluster 3,amato/ADJ,Evaluative
Cluster 3,solenne/ADJ,Descriptive
Cluster 3,rispettoso/ADJ,Evaluative
Cluster 3,inesistente/ADJ,Evaluative
Cluster 3,asciutto/ADJ,Descriptive
Cluster 3,robusto/ADJ,Evaluative
Cluster 3,anomalo/ADJ,Evaluative
Cluster 3,banale/ADJ,Evaluative
Cluster 3,cieco/ADJ,Evaluative
Cluster 3,ambizioso/ADJ,Evaluative
Cluster 3,impressionante/ADJ,Evaluative
Cluster 3,ambiguo/ADJ,Evaluative
Cluster 3,animato/ADJ,Evaluative
Cluster 3,controverso/ADJ,Evaluative
Cluster 3,geniale/ADJ,Evaluative
Cluster 3,tenero/ADJ,Evaluative
Cluster 3,vissuto/ADJ,Evaluative
Cluster 3,faticoso/ADJ,Evaluative
Cluster 3,cosciente/ADJ,Evaluative
Cluster 3,innocente/ADJ,Evaluative
Cluster 3,devastante/ADJ,Evaluative
Cluster 3,magro/ADJ,Evaluative
Cluster 3,ingiustificato/ADJ,Membership
Cluster 3,noioso/ADJ,Evaluative
Cluster 3,sorprendente/ADJ,Evaluative
Cluster 3,malo/ADJ,Evaluative
Cluster 3,inammissibile/ADJ,Evaluative
Cluster 3,insolito/ADJ,Evaluative
Cluster 3,indimenticabile/ADJ,Evaluative
Cluster 3,umile/ADJ,Evaluative
Cluster 3,intatto/ADJ,Descriptive
Cluster 3,ingenuo/ADJ,Evaluative
Cluster 3,vago/ADJ,Evaluative
Cluster 3,incomprensibile/ADJ,Evaluative
Cluster 3,terreno/ADJ,Descriptive
Cluster 3,grato/ADJ,Evaluative
Cluster 3,ostile/ADJ,Membership
Cluster 3,offensivo/ADJ,Evaluative
Cluster 3,superato/ADJ,Descriptive
Cluster 3,discutibile/ADJ,Evaluative
Cluster 3,incompleto/ADJ,Evaluative
Cluster 3,esplosivo/ADJ,Evaluative
Cluster 3,biondo/ADJ,Evaluative
Cluster 3,glorioso/ADJ,Evaluative
Cluster 3,salato/ADJ,Descriptive
Cluster 3,improprio/ADJ,Evaluative
Cluster 3,bruno/ADJ,Descriptive
Cluster 3,paradossale/ADJ,Evaluative
Cluster 3,fastidioso/ADJ,Evaluative
Cluster 3,tremendo/ADJ,Evaluative
Cluster 3,gradito/ADJ,Evaluative
Cluster 3,nuvolo/ADJ,Evaluative
Cluster 3,deserto/ADJ,Relational
Cluster 3,sepolto/ADJ,Evaluative
Cluster 3,perplesso/ADJ,Evaluative
Cluster 3,armonico/ADJ,Evaluative
Cluster 3,oneroso/ADJ,Evaluative
Cluster 4,sanitario/ADJ,Physical/Health-Related
Cluster 4,fisico/ADJ,Physical/Health-Related
Cluster 4,nero/ADJ,Evaluative
Cluster 4,bianco/ADJ,Descriptive
Cluster 4,materiale/ADJ,Physical/Health-Related
Cluster 4,familiare/ADJ,Membership
Cluster 4,rosso/ADJ,Descriptive
Cluster 4,pericoloso/ADJ,Evaluative
Cluster 4,verde/ADJ,Descriptive
Cluster 4,biologico/ADJ,Physical/Health-Related
Cluster 4,chimico/ADJ,Physical/Health-Related
Cluster 4,disabile/ADJ,Physical/Health-Related
Cluster 4,medico/ADJ,Physical/Health-Related
Cluster 4,grafico/ADJ,Physical/Health-Related
Cluster 4,adulto/ADJ,Physical/Health-Related
Cluster 4,mentale/ADJ,Physical/Health-Related
Cluster 4,clinico/ADJ,Physical/Health-Related
Cluster 4,sessuale/ADJ,Physical/Health-Related
Cluster 4,psicologico/ADJ,Physical/Health-Related
Cluster 4,nucleare/ADJ,Physical/Health-Related
Cluster 4,ospedaliero/ADJ,Physical/Health-Related
Cluster 4,genetico/ADJ,Physical/Health-Related
Cluster 4,azzurro/ADJ,Descriptive
Cluster 4,terapeutico/ADJ,Physical/Health-Related
Cluster 4,anziano/ADJ,Descriptive
Cluster 4,giallo/ADJ,Descriptive
Cluster 4,visivo/ADJ,Physical/Health-Related
Cluster 4,assistenziale/ADJ,Physical/Health-Related
Cluster 4,meccanico/ADJ,Physical/Health-Related
Cluster 4,luminoso/ADJ,Evaluative
Cluster 4,posteriore/ADJ,Evaluative
Cluster 4,quadrato/ADJ,Descriptive
Cluster 4,rosa/ADJ,Descriptive
Cluster 4,scuro/ADJ,Evaluative
Cluster 4,nervoso/ADJ,Physical/Health-Related
Cluster 4,verticale/ADJ,Relational
Cluster 4,psichico/ADJ,Physical/Health-Related
Cluster 4,orizzontale/ADJ,Relational
Cluster 4,cognitivo/ADJ,Physical/Health-Related
Cluster 4,emotivo/ADJ,Physical/Health-Related
Cluster 4,cronico/ADJ,Physical/Health-Related
Cluster 4,colorato/ADJ,Evaluative
Cluster 4,vegetale/ADJ,Physical/Health-Related
Cluster 4,malato/ADJ,Physical/Health-Related
Cluster 4,grigio/ADJ,Descriptive
Cluster 4,affetto/ADJ,Physical/Health-Related
Cluster 4,acuto/ADJ,Physical/Health-Related
Cluster 4,stupefacente/ADJ,Physical/Health-Related
Cluster 4,veterinario/ADJ,Physical/Health-Related
Cluster 4,infantile/ADJ,Physical/Health-Related
Cluster 4,combustibile/ADJ,Relational
Cluster 4,metallico/ADJ,Physical/Health-Related
Cluster 4,laterale/ADJ,Relational
Cluster 4,lineare/ADJ,Physical/Health-Related
Cluster 4,domiciliare/ADJ,Physical/Health-Related
Cluster 4,staminale/ADJ,Physical/Health-Related
Cluster 4,chirurgico/ADJ,Physical/Health-Related
Cluster 4,ottico/ADJ,Physical/Health-Related
Cluster 4,evolutivo/ADJ,Physical/Health-Related
Cluster 4,grasso/ADJ,Evaluative
Cluster 4,psichiatrico/ADJ,Physical/Health-Related
Cluster 4,paziente/ADJ,Physical/Health-Related
Cluster 4,minerale/ADJ,Physical/Health-Related
Cluster 4,molecolare/ADJ,Physical/Health-Related
Cluster 4,liquido/ADJ,Physical/Health-Related
Cluster 4,tossico/ADJ,Physical/Health-Related
Cluster 4,curvo/ADJ,Evaluative
Cluster 4,diagnostico/ADJ,Physical/Health-Related
Cluster 4,atomico/ADJ,Physical/Health-Related
Cluster 4,cerebrale/ADJ,Physical/Health-Related
Cluster 4,motorio/ADJ,Physical/Health-Related
Cluster 4,illuminato/ADJ,Evaluative
Cluster 4,muscolare/ADJ,Physical/Health-Related
Cluster 4,affettivo/ADJ,Physical/Health-Related
Cluster 4,cardiaco/ADJ,Physical/Health-Related
Cluster 4,precoce/ADJ,Physical/Health-Related
Cluster 4,nocivo/ADJ,Physical/Health-Related
Cluster 4,piatto/ADJ,Evaluative
Cluster 4,fisiologico/ADJ,Physical/Health-Related
Cluster 4,respiratorio/ADJ,Physical/Health-Related
Cluster 4,omosessuale/ADJ,Membership
Cluster 4,autosufficiente/ADJ,Physical/Health-Related
Cluster 4,corporeo/ADJ,Physical/Health-Related
Cluster 4,alcolico/ADJ,Physical/Health-Related
Cluster 4,plastico/ADJ,Physical/Health-Related
Cluster 4,dorato/ADJ,Descriptive
Cluster 4,geometrico/ADJ,Physical/Health-Related
Cluster 4,medicinale/ADJ,Physical/Health-Related
Cluster 4,patologico/ADJ,Physical/Health-Related
Cluster 4,radioattivo/ADJ,Physical/Health-Related
Cluster 4,liscio/ADJ,Evaluative
Cluster 4,inquinante/ADJ,Physical/Health-Related
Cluster 4,orfano/ADJ,Membership
Cluster 4,matrimoniale/ADJ,Membership
Cluster 4,socio-sanitario/ADJ,Physical/Health-Related
Cluster 4,handicappato/ADJ,Physical/Health-Related
Cluster 4,infettivo/ADJ,Physical/Health-Related
Cluster 4,visuale/ADJ,Physical/Health-Related
Cluster 4,comportamentale/ADJ,Physical/Health-Related
Cluster 4,acido/ADJ,Physical/Health-Related
Cluster 4,embrionale/ADJ,Physical/Health-Related
Cluster 4,sensoriale/ADJ,Physical/Health-Related
Cluster 4,riabilitativo/ADJ,Physical/Health-Related
Cluster 4,elastico/ADJ,Evaluative
Cluster 4,inverso/ADJ,Physical/Health-Related
Cluster 4,paterno/ADJ,Membership
Cluster 4,farmacologico/ADJ,Physical/Health-Related
Cluster 4,interpersonale/ADJ,Physical/Health-Related
Cluster 4,osseo/ADJ,Physical/Health-Related
Cluster 4,immunitario/ADJ,Physical/Health-Related
Cluster 4,adolescente/ADJ,Membership
Cluster 4,cardiovascolare/ADJ,Physical/Health-Related
Cluster 4,fluido/ADJ,Evaluative
Cluster 4,pediatrico/ADJ,Physical/Health-Related
Cluster 4,riproduttivo/ADJ,Physical/Health-Related
Cluster 4,infermieristico/ADJ,Physical/Health-Related
Cluster 4,ereditario/ADJ,Physical/Health-Related
Cluster 4,spesso/ADJ,Evaluative
Cluster 4,epidemiologico/ADJ,Physical/Health-Related
Cluster 4,socio-assistenziale/ADJ,Physical/Health-Related
Cluster 4,letale/ADJ,Evaluative
Cluster 4,vedente/ADJ,Physical/Health-Related
Cluster 4,transgenico/ADJ,Physical/Health-Related
Cluster 4,pregiato/ADJ,Descriptive
Cluster 4,inerte/ADJ,Evaluative
Cluster 4,emozionale/ADJ,Physical/Health-Related
Cluster 4,innocuo/ADJ,Evaluative
Cluster 4,aerobico/ADJ,Physical/Health-Related
Cluster 4,lavorato/ADJ,Relational
Cluster 4,sanguigno/ADJ,Physical/Health-Related
Cluster 4,carbonico/ADJ,Physical/Health-Related
Cluster 4,coniugale/ADJ,Membership
Cluster 4,tridimensionale/ADJ,Physical/Health-Related
Cluster 4,intellettivo/ADJ,Physical/Health-Related
Cluster 4,famigliare/ADJ,Membership
Cluster 4,nutrizionale/ADJ,Physical/Health-Related
Cluster 4,parentale/ADJ,Physical/Health-Related
Cluster 4,oculare/ADJ,Physical/Health-Related
Cluster 4,arancione/ADJ,Descriptive
Cluster 4,montato/ADJ,Evaluative
Cluster 4,mutilato/ADJ,Physical/Health-Related
Cluster 4,psicofisico/ADJ,Physical/Health-Related
Cluster 4,renale/ADJ,Physical/Health-Related
Cluster 4,cutaneo/ADJ,Physical/Health-Related
Cluster 4,inquinato/ADJ,Relational
Cluster 4,vegetariano/ADJ,Physical/Health-Related
Cluster 4,neurologico/ADJ,Physical/Health-Related
Cluster 4,polmonare/ADJ,Physical/Health-Related
Cluster 4,allergico/ADJ,Physical/Health-Related
Cluster 4,infetto/ADJ,Physical/Health-Related
Cluster 4,invalido/ADJ,Physical/Health-Related
Cluster 4,ambulatoriale/ADJ,Physical/Health-Related
Cluster 4,motore/ADJ,Descriptive
Cluster 4,diabetico/ADJ,Physical/Health-Related
Cluster 4,scorrevole/ADJ,Evaluative
Cluster 4,grezzo/ADJ,Evaluative
Cluster 4,oncologico/ADJ,Physical/Health-Related
Cluster 4,tricolore/ADJ,Membership
Cluster 4,focale/ADJ,Physical/Health-Related
Cluster 4,metabolico/ADJ,Physical/Health-Related
Cluster 4,intestinale/ADJ,Physical/Health-Related
Cluster 4,tondo/ADJ,Descriptive
Cluster 4,psico-fisico/ADJ,Physical/Health-Related
Cluster 4,virale/ADJ,Physical/Health-Related
Cluster 4,ormonale/ADJ,Physical/Health-Related
Cluster 4,cancerogeno/ADJ,Physical/Health-Related
Cluster 4,infrarosso/ADJ,Physical/Health-Related
Cluster 4,impermeabile/ADJ,Evaluative
Cluster 4,cosmetico/ADJ,Physical/Health-Related
Cluster 4,velenoso/ADJ,Evaluative
Cluster 4,biochimico/ADJ,Physical/Health-Related
Cluster 4,congenito/ADJ,Physical/Health-Related
Cluster 4,simmetrico/ADJ,Descriptive
Cluster 4,gassoso/ADJ,Physical/Health-Related
Cluster 4,tumorale/ADJ,Physical/Health-Related
Cluster 4,rettangolare/ADJ,Descriptive
Cluster 4,sordomuto/ADJ,Physical/Health-Related
Cluster 4,operatorio/ADJ,Physical/Health-Related
Cluster 4,epatico/ADJ,Physical/Health-Related
Cluster 4,gravitazionale/ADJ,Physical/Health-Related
Cluster 4,percettivo/ADJ,Physical/Health-Related
Cluster 4,anatomico/ADJ,Physical/Health-Related
Cluster 4,batterico/ADJ,Physical/Health-Related
Cluster 4,vertebrale/ADJ,Physical/Health-Related
Cluster 4,angolare/ADJ,Descriptive
Cluster 4,vascolare/ADJ,Physical/Health-Related
Cluster 4,addominale/ADJ,Physical/Health-Related
Cluster 4,ammalato/ADJ,Physical/Health-Related
Cluster 4,opaco/ADJ,Evaluative
Cluster 4,dorsale/ADJ,Descriptive
Cluster 4,granato/ADJ,Descriptive
Cluster 4,floreale/ADJ,Evaluative
Cluster 4,genico/ADJ,Physical/Health-Related
Cluster 4,adesivo/ADJ,Physical/Health-Related
Cluster 4,tossicodipendente/ADJ,Physical/Health-Related
Cluster 4,inclinato/ADJ,Evaluative
Cluster 4,dietetico/ADJ,Physical/Health-Related
Cluster 4,eterologo/ADJ,Physical/Health-Related
Cluster 4,sintomatico/ADJ,Physical/Health-Related
Cluster 4,rettilineo/ADJ,Relational
Cluster 4,arterioso/ADJ,Physical/Health-Related
Cluster 4,patogeno/ADJ,Physical/Health-Related
Cluster 4,uditivo/ADJ,Physical/Health-Related
Cluster 4,obliquo/ADJ,Evaluative
Cluster 4,nutritivo/ADJ,Physical/Health-Related
Cluster 4,prospettico/ADJ,Physical/Health-Related
Cluster 4,regolabile/ADJ,Evaluative
Cluster 4,adolescenziale/ADJ,Physical/Health-Related
Cluster 4,soffice/ADJ,Evaluative
Cluster 4,mediano/ADJ,Descriptive
Cluster 4,longitudinale/ADJ,Physical/Health-Related
Cluster 4,nascituro/ADJ,Physical/Health-Related
Cluster 4,depressivo/ADJ,Physical/Health-Related
Cluster 4,facciale/ADJ,Physical/Health-Related
Cluster 4,proteico/ADJ,Physical/Health-Related
Cluster 4,microscopico/ADJ,Physical/Health-Related
Cluster 4,psicotropo/ADJ,Physical/Health-Related
Cluster 4,contagioso/ADJ,Evaluative
Cluster 4,infiammabile/ADJ,Physical/Health-Related
Cluster 4,tattile/ADJ,Physical/Health-Related
Cluster 4,spinale/ADJ,Physical/Health-Related
Cluster 4,somatico/ADJ,Physical/Health-Related
Cluster 4,pneumatico/ADJ,Physical/Health-Related
Cluster 4,deceduto/ADJ,Physical/Health-Related
Cluster 4,aerodinamico/ADJ,Physical/Health-Related
Cluster 4,curativo/ADJ,Physical/Health-Related
Cluster 4,inabile/ADJ,Membership
Cluster 4,genitoriale/ADJ,Physical/Health-Related
Cluster 4,triangolare/ADJ,Descriptive
Cluster 4,scolare/ADJ,Physical/Health-Related
Cluster 4,nasale/ADJ,Physical/Health-Related
Cluster 4,degenerativo/ADJ,Physical/Health-Related
Cluster 4,ematico/ADJ,Physical/Health-Related
Cluster 4,ovale/ADJ,Descriptive
Cluster 4,cinetico/ADJ,Physical/Health-Related
Cluster 4,curante/ADJ,Physical/Health-Related
Cluster 4,neurale/ADJ,Physical/Health-Related
Cluster 4,motivazionale/ADJ,Physical/Health-Related
Cluster 4,cilindrico/ADJ,Descriptive
Cluster 4,perpendicolare/ADJ,Relational
Cluster 4,omeopatico/ADJ,Physical/Health-Related
Cluster 4,volatile/ADJ,Physical/Health-Related
Cluster 4,ortopedico/ADJ,Physical/Health-Related
Cluster 4,inorganico/ADJ,Physical/Health-Related
Cluster 4,vettoriale/ADJ,Physical/Health-Related
Cluster 4,sangue/ADJ,Physical/Health-Related
Cluster 4,tinto/ADJ,Evaluative
Cluster 4,sociosanitario/ADJ,Physical/Health-Related
Cluster 4,trasfusionale/ADJ,Physical/Health-Related
Cluster 4,termodinamico/ADJ,Physical/Health-Related
Cluster 5,italiano/ADJ,Membership
Cluster 5,europeo/ADJ,Membership
Cluster 5,politico/ADJ,Membership
Cluster 5,internazionale/ADJ,Membership
Cluster 5,culturale/ADJ,Membership
Cluster 5,storico/ADJ,Descriptive
Cluster 5,americano/ADJ,Membership
Cluster 5,militare/ADJ,Membership
Cluster 5,mondiale/ADJ,Membership
Cluster 5,antico/ADJ,Descriptive
Cluster 5,unito/ADJ,Membership
Cluster 5,santo/ADJ,Descriptive
Cluster 5,religioso/ADJ,Membership
Cluster 5,moderno/ADJ,Descriptive
Cluster 5,straniero/ADJ,Membership
Cluster 5,inglese/ADJ,Membership
Cluster 5,elettorale/ADJ,Membership
Cluster 5,musicale/ADJ,Relational
Cluster 5,francese/ADJ,Membership
Cluster 5,estero/ADJ,Membership
Cluster 5,cristiano/ADJ,Membership
Cluster 5,artistico/ADJ,Relational
Cluster 5,democratico/ADJ,Membership
Cluster 5,tedesco/ADJ,Membership
Cluster 5,romano/ADJ,Membership
Cluster 5,morale/ADJ,Membership
Cluster 5,contemporaneo/ADJ,Membership
Cluster 5,armato/ADJ,Membership
Cluster 5,cattolico/ADJ,Membership
Cluster 5,occidentale/ADJ,Membership
Cluster 5,letterario/ADJ,Membership
Cluster 5,spirituale/ADJ,Membership
Cluster 5,comunista/ADJ,Membership
Cluster 5,etico/ADJ,Membership
Cluster 5,residente/ADJ,Membership
Cluster 5,radicale/ADJ,Descriptive
Cluster 5,islamico/ADJ,Membership
Cluster 5,cinese/ADJ,Membership
Cluster 5,sacro/ADJ,Membership
Cluster 5,arabo/ADJ,Membership
Cluster 5,linguistico/ADJ,Physical/Health-Related
Cluster 5,spagnolo/ADJ,Membership
Cluster 5,teatrale/ADJ,Membership
Cluster 5,cinematografico/ADJ,Membership
Cluster 5,sonoro/ADJ,Physical/Health-Related
Cluster 5,musulmano/ADJ,Membership
Cluster 5,teorico/ADJ,Physical/Health-Related
Cluster 5,federale/ADJ,Membership
Cluster 5,statunitense/ADJ,Membership
Cluster 5,orientale/ADJ,Membership
Cluster 5,iracheno/ADJ,Membership
Cluster 5,creativo/ADJ,Evaluative
Cluster 5,siciliano/ADJ,Membership
Cluster 5,fotografico/ADJ,Relational
Cluster 5,divino/ADJ,Evaluative
Cluster 5,greco/ADJ,Membership
Cluster 5,intellettuale/ADJ,Membership
Cluster 5,britannico/ADJ,Membership
Cluster 5,matematico/ADJ,Physical/Health-Related
Cluster 5,palestinese/ADJ,Membership
Cluster 5,israeliano/ADJ,Membership
Cluster 5,toscano/ADJ,Membership
Cluster 5,filosofico/ADJ,Membership
Cluster 5,russo/ADJ,Membership
Cluster 5,africano/ADJ,Membership
Cluster 5,umanitario/ADJ,Membership
Cluster 5,supremo/ADJ,Membership
Cluster 5,giapponese/ADJ,Membership
Cluster 5,liberale/ADJ,Membership
Cluster 5,ebraico/ADJ,Membership
Cluster 5,laico/ADJ,Membership
Cluster 5,diplomatico/ADJ,Membership
Cluster 5,ideologico/ADJ,Evaluative
Cluster 5,simbolico/ADJ,Membership
Cluster 5,latino/ADJ,Membership
Cluster 5,milanese/ADJ,Membership
Cluster 5,poetico/ADJ,Evaluative
Cluster 5,logico/ADJ,Evaluative
Cluster 5,nobile/ADJ,Evaluative
Cluster 5,estetico/ADJ,Physical/Health-Related
Cluster 5,indiano/ADJ,Membership
Cluster 5,fascista/ADJ,Membership
Cluster 5,etnico/ADJ,Membership
Cluster 5,mediterraneo/ADJ,Membership
Cluster 5,interiore/ADJ,Evaluative
Cluster 5,socialista/ADJ,Membership
Cluster 5,rivoluzionario/ADJ,Membership
Cluster 5,napoletano/ADJ,Membership
Cluster 5,terroristico/ADJ,Membership
Cluster 5,narrativo/ADJ,Physical/Health-Related
Cluster 5,sovietico/ADJ,Membership
Cluster 5,lombardo/ADJ,Membership
Cluster 5,albanese/ADJ,Membership
Cluster 5,medievale/ADJ,Membership
Cluster 5,metodologico/ADJ,Physical/Health-Related
Cluster 5,veneto/ADJ,Membership
Cluster 5,bolognese/ADJ,Membership
Cluster 5,pacifico/ADJ,Membership
Cluster 5,magno/ADJ,Descriptive
Cluster 5,sardo/ADJ,Membership
Cluster 5,pastorale/ADJ,Membership
Cluster 5,bibliografico/ADJ,Physical/Health-Related
Cluster 5,svizzero/ADJ,Membership
Cluster 5,espressivo/ADJ,Evaluative
Cluster 5,moderato/ADJ,Evaluative
Cluster 5,comunicativo/ADJ,Physical/Health-Related
Cluster 5,astratto/ADJ,Evaluative
Cluster 5,argentino/ADJ,Membership
Cluster 5,turco/ADJ,Membership
Cluster 5,operaio/ADJ,Membership
Cluster 5,asiatico/ADJ,Membership
Cluster 5,militante/ADJ,Membership
Cluster 5,nemico/ADJ,Evaluative
Cluster 5,romantico/ADJ,Evaluative
Cluster 5,imperiale/ADJ,Membership
Cluster 5,ecclesiastico/ADJ,Membership
Cluster 5,diocesano/ADJ,Membership
Cluster 5,brasiliano/ADJ,Membership
Cluster 5,missionario/ADJ,Membership
Cluster 5,pagano/ADJ,Membership
Cluster 5,olandese/ADJ,Membership
Cluster 5,contadino/ADJ,Membership
Cluster 5,torinese/ADJ,Membership
Cluster 5,ebreo/ADJ,Membership
Cluster 5,fiorentino/ADJ,Membership
Cluster 5,austriaco/ADJ,Membership
Cluster 5,vocale/ADJ,Physical/Health-Related
Cluster 5,concettuale/ADJ,Physical/Health-Related
Cluster 5,genovese/ADJ,Membership
Cluster 5,consolare/ADJ,Membership
Cluster 5,ligure/ADJ,Relational
Cluster 5,repubblicano/ADJ,Membership
Cluster 5,piemontese/ADJ,Membership
Cluster 5,alleato/ADJ,Membership
Cluster 5,borghese/ADJ,Membership
Cluster 5,nazista/ADJ,Membership
Cluster 5,metafisico/ADJ,Physical/Health-Related
Cluster 5,teologico/ADJ,Membership
Cluster 5,polacco/ADJ,Membership
Cluster 5,veneziano/ADJ,Membership
Cluster 5,riformista/ADJ,Membership
Cluster 5,esistenziale/ADJ,Physical/Health-Related
Cluster 5,bellico/ADJ,Membership
Cluster 5,portoghese/ADJ,Membership
Cluster 5,parrocchiale/ADJ,Membership
Cluster 5,discografico/ADJ,Membership
Cluster 5,biblico/ADJ,Membership
Cluster 5,pontificio/ADJ,Membership
Cluster 5,vaticano/ADJ,Membership
Cluster 5,svedese/ADJ,Membership
Cluster 5,ceco/ADJ,Membership
Cluster 5,barocco/ADJ,Relational
Cluster 5,cubano/ADJ,Membership
Cluster 5,saudita/ADJ,Membership
Cluster 5,lirico/ADJ,Relational
Cluster 5,razziale/ADJ,Membership
Cluster 5,testuale/ADJ,Physical/Health-Related
Cluster 5,australiano/ADJ,Membership
Cluster 5,monumentale/ADJ,Relational
Cluster 5,apostolico/ADJ,Membership
Cluster 5,primitivo/ADJ,Physical/Health-Related
Cluster 5,sovrano/ADJ,Membership
Cluster 5,ortodosso/ADJ,Membership
Cluster 5,egiziano/ADJ,Membership
Cluster 5,colto/ADJ,Evaluative
Cluster 5,mistico/ADJ,Membership
Cluster 5,ecclesiale/ADJ,Membership
Cluster 5,umanistico/ADJ,Membership
Cluster 5,rituale/ADJ,Membership
Cluster 5,evangelico/ADJ,Membership
Cluster 5,interculturale/ADJ,Membership
Cluster 5,ribelle/ADJ,Membership
Cluster 5,continentale/ADJ,Membership
Cluster 5,antimafia/ADJ,Relational
Cluster 5,figurativo/ADJ,Physical/Health-Related
Cluster 5,secolare/ADJ,Membership
Cluster 5,pugliese/ADJ,Membership
Cluster 5,irlandese/ADJ,Membership
Cluster 5,calabrese/ADJ,Membership
Cluster 5,indigeno/ADJ,Membership
Cluster 5,campano/ADJ,Descriptive
Cluster 5,episcopale/ADJ,Membership
Cluster 5,padano/ADJ,Relational
Cluster 5,pittorico/ADJ,Relational
Cluster 5,stilistico/ADJ,Physical/Health-Related
Cluster 5,clemente/ADJ,Membership
Cluster 5,cosmico/ADJ,Physical/Health-Related
Cluster 5,studioso/ADJ,Membership
Cluster 5,razzista/ADJ,Evaluative
Cluster 5,canadese/ADJ,Membership
Cluster 5,canonico/ADJ,Descriptive
Cluster 5,connazionale/ADJ,Membership
Cluster 5,liturgico/ADJ,Membership
Cluster 5,autoritario/ADJ,Membership
Cluster 5,emiliano/ADJ,Membership
Cluster 5,dipinto/ADJ,Relational
Cluster 5,giurisprudenziale/ADJ,Relational
Cluster 5,empirico/ADJ,Physical/Health-Related
Cluster 5,antropologico/ADJ,Physical/Health-Related
Cluster 5,maggioritario/ADJ,Membership
Cluster 5,semantico/ADJ,Physical/Health-Related
Cluster 5,documentario/ADJ,Membership
Cluster 5,medioevale/ADJ,Membership
Cluster 5,transnazionale/ADJ,Membership
Cluster 5,benedetto/ADJ,Evaluative
Cluster 5,pisano/ADJ,Descriptive
Cluster 5,pasquale/ADJ,Relational
Cluster 5,coloniale/ADJ,Membership
Cluster 5,alemanno/ADJ,Descriptive
Cluster 5,mondo/ADJ,Membership
Cluster 5,consulente/ADJ,Membership
Cluster 5,multinazionale/ADJ,Membership
Cluster 5,sociologico/ADJ,Physical/Health-Related
Cluster 5,gotico/ADJ,Relational
Cluster 5,iraniano/ADJ,Membership
Cluster 5,librario/ADJ,Relational
Cluster 5,mantovano/ADJ,Membership
Cluster 5,pregiudiziale/ADJ,Membership
Cluster 5,nonviolento/ADJ,Membership
Cluster 5,repressivo/ADJ,Membership
Cluster 5,gaio/ADJ,Evaluative
Cluster 5,modico/ADJ,Relational
Cluster 5,dialettico/ADJ,Membership
Cluster 5,eucaristico/ADJ,Membership
Cluster 5,messicano/ADJ,Membership
Cluster 5,archivistico/ADJ,Relational
Cluster 5,italico/ADJ,Membership
Cluster 5,umbro/ADJ,Descriptive
Cluster 5,corale/ADJ,Membership
Cluster 5,marchigiano/ADJ,Membership
Cluster 5,bizantino/ADJ,Membership
Cluster 5,anglosassone/ADJ,Membership
Cluster 5,ritmico/ADJ,Physical/Health-Related
Cluster 5,emerito/ADJ,Evaluative
Cluster 5,rinascimentale/ADJ,Descriptive
Cluster 5,beato/ADJ,Evaluative
Cluster 5,varesino/ADJ,Membership
Cluster 5,bergamasco/ADJ,Membership
Cluster 5,funebre/ADJ,Relational
Cluster 5,partigiano/ADJ,Membership
Cluster 5,capitalistico/ADJ,Membership
Cluster 5,marziale/ADJ,Membership
Cluster 5,parlato/ADJ,Evaluative
Cluster 5,esteriore/ADJ,Evaluative
Cluster 5,marocchino/ADJ,Membership
Cluster 5,castellano/ADJ,Relational
Cluster 5,cardinale/ADJ,Descriptive
Cluster 5,arcaico/ADJ,Evaluative
Cluster 5,nomade/ADJ,Membership
Cluster 5,romagnolo/ADJ,Membership
